{
  "hash": "2715e464",
  "configHash": "fb49a899",
  "lockfileHash": "16b0c2ff",
  "browserHash": "1b9c856f",
  "optimized": {
    "@angular/cdk/bidi": {
      "src": "../../../../../../node_modules/@angular/cdk/fesm2022/bidi.mjs",
      "file": "@angular_cdk_bidi.js",
      "fileHash": "730f0511",
      "needsInterop": false
    },
    "@angular/cdk/scrolling": {
      "src": "../../../../../../node_modules/@angular/cdk/fesm2022/scrolling.mjs",
      "file": "@angular_cdk_scrolling.js",
      "fileHash": "b93d94e7",
      "needsInterop": false
    },
    "@angular/cdk/text-field": {
      "src": "../../../../../../node_modules/@angular/cdk/fesm2022/text-field.mjs",
      "file": "@angular_cdk_text-field.js",
      "fileHash": "ff10e11b",
      "needsInterop": false
    },
    "@angular/common": {
      "src": "../../../../../../node_modules/@angular/common/fesm2022/common.mjs",
      "file": "@angular_common.js",
      "fileHash": "b393394b",
      "needsInterop": false
    },
    "@angular/common/http": {
      "src": "../../../../../../node_modules/@angular/common/fesm2022/http.mjs",
      "file": "@angular_common_http.js",
      "fileHash": "8c1a8fee",
      "needsInterop": false
    },
    "@angular/core": {
      "src": "../../../../../../node_modules/@angular/core/fesm2022/core.mjs",
      "file": "@angular_core.js",
      "fileHash": "737f83ea",
      "needsInterop": false
    },
    "@angular/forms": {
      "src": "../../../../../../node_modules/@angular/forms/fesm2022/forms.mjs",
      "file": "@angular_forms.js",
      "fileHash": "5a0d52cb",
      "needsInterop": false
    },
    "@angular/material/button": {
      "src": "../../../../../../node_modules/@angular/material/fesm2022/button.mjs",
      "file": "@angular_material_button.js",
      "fileHash": "9039100c",
      "needsInterop": false
    },
    "@angular/material/card": {
      "src": "../../../../../../node_modules/@angular/material/fesm2022/card.mjs",
      "file": "@angular_material_card.js",
      "fileHash": "ee3b7de0",
      "needsInterop": false
    },
    "@angular/material/checkbox": {
      "src": "../../../../../../node_modules/@angular/material/fesm2022/checkbox.mjs",
      "file": "@angular_material_checkbox.js",
      "fileHash": "3d26ea25",
      "needsInterop": false
    },
    "@angular/material/chips": {
      "src": "../../../../../../node_modules/@angular/material/fesm2022/chips.mjs",
      "file": "@angular_material_chips.js",
      "fileHash": "35a01fea",
      "needsInterop": false
    },
    "@angular/material/icon": {
      "src": "../../../../../../node_modules/@angular/material/fesm2022/icon.mjs",
      "file": "@angular_material_icon.js",
      "fileHash": "ffc8a3b3",
      "needsInterop": false
    },
    "@angular/material/input": {
      "src": "../../../../../../node_modules/@angular/material/fesm2022/input.mjs",
      "file": "@angular_material_input.js",
      "fileHash": "945beee3",
      "needsInterop": false
    },
    "@angular/material/menu": {
      "src": "../../../../../../node_modules/@angular/material/fesm2022/menu.mjs",
      "file": "@angular_material_menu.js",
      "fileHash": "5e613e8c",
      "needsInterop": false
    },
    "@angular/material/radio": {
      "src": "../../../../../../node_modules/@angular/material/fesm2022/radio.mjs",
      "file": "@angular_material_radio.js",
      "fileHash": "f734f200",
      "needsInterop": false
    },
    "@angular/material/select": {
      "src": "../../../../../../node_modules/@angular/material/fesm2022/select.mjs",
      "file": "@angular_material_select.js",
      "fileHash": "f57e2cbc",
      "needsInterop": false
    },
    "@angular/material/sidenav": {
      "src": "../../../../../../node_modules/@angular/material/fesm2022/sidenav.mjs",
      "file": "@angular_material_sidenav.js",
      "fileHash": "33a4c8e1",
      "needsInterop": false
    },
    "@angular/material/slider": {
      "src": "../../../../../../node_modules/@angular/material/fesm2022/slider.mjs",
      "file": "@angular_material_slider.js",
      "fileHash": "ffe6db5b",
      "needsInterop": false
    },
    "@angular/material/table": {
      "src": "../../../../../../node_modules/@angular/material/fesm2022/table.mjs",
      "file": "@angular_material_table.js",
      "fileHash": "5cd0360b",
      "needsInterop": false
    },
    "@angular/material/tabs": {
      "src": "../../../../../../node_modules/@angular/material/fesm2022/tabs.mjs",
      "file": "@angular_material_tabs.js",
      "fileHash": "b1b0b204",
      "needsInterop": false
    },
    "@angular/material/toolbar": {
      "src": "../../../../../../node_modules/@angular/material/fesm2022/toolbar.mjs",
      "file": "@angular_material_toolbar.js",
      "fileHash": "1ad31595",
      "needsInterop": false
    },
    "@angular/platform-browser": {
      "src": "../../../../../../node_modules/@angular/platform-browser/fesm2022/platform-browser.mjs",
      "file": "@angular_platform-browser.js",
      "fileHash": "1a07760f",
      "needsInterop": false
    },
    "@angular/platform-browser/animations": {
      "src": "../../../../../../node_modules/@angular/platform-browser/fesm2022/animations.mjs",
      "file": "@angular_platform-browser_animations.js",
      "fileHash": "22637354",
      "needsInterop": false
    },
    "@angular/router": {
      "src": "../../../../../../node_modules/@angular/router/fesm2022/router.mjs",
      "file": "@angular_router.js",
      "fileHash": "1151fbe5",
      "needsInterop": false
    },
    "rxjs": {
      "src": "../../../../../../node_modules/rxjs/dist/esm5/index.js",
      "file": "rxjs.js",
      "fileHash": "4ebf2d31",
      "needsInterop": false
    },
    "rxjs/operators": {
      "src": "../../../../../../node_modules/rxjs/dist/esm5/operators/index.js",
      "file": "rxjs_operators.js",
      "fileHash": "a3bbbfd7",
      "needsInterop": false
    }
  },
  "chunks": {
    "chunk-RPFNGUT2": {
      "file": "chunk-RPFNGUT2.js"
    },
    "chunk-BHZH6H5H": {
      "file": "chunk-BHZH6H5H.js"
    },
    "chunk-4VCOD3QU": {
      "file": "chunk-4VCOD3QU.js"
    },
    "chunk-G2E7KHTD": {
      "file": "chunk-G2E7KHTD.js"
    },
    "chunk-JVWGP7BM": {
      "file": "chunk-JVWGP7BM.js"
    },
    "chunk-5GI54SXK": {
      "file": "chunk-5GI54SXK.js"
    },
    "chunk-VQHRKHZ6": {
      "file": "chunk-VQHRKHZ6.js"
    },
    "chunk-DD4KTN4M": {
      "file": "chunk-DD4KTN4M.js"
    },
    "chunk-DCRPO4V6": {
      "file": "chunk-DCRPO4V6.js"
    },
    "chunk-NGX5KMVR": {
      "file": "chunk-NGX5KMVR.js"
    },
    "chunk-RYOX4WGC": {
      "file": "chunk-RYOX4WGC.js"
    },
    "chunk-6LJ7HU4U": {
      "file": "chunk-6LJ7HU4U.js"
    },
    "chunk-EHEA6LR2": {
      "file": "chunk-EHEA6LR2.js"
    },
    "chunk-IJTSKJDG": {
      "file": "chunk-IJTSKJDG.js"
    },
    "chunk-TSGLC2JC": {
      "file": "chunk-TSGLC2JC.js"
    },
    "chunk-AIEYJCOW": {
      "file": "chunk-AIEYJCOW.js"
    },
    "chunk-7CQZP5LD": {
      "file": "chunk-7CQZP5LD.js"
    },
    "chunk-VCYKWI3X": {
      "file": "chunk-VCYKWI3X.js"
    },
    "chunk-AMCQLQUP": {
      "file": "chunk-AMCQLQUP.js"
    },
    "chunk-GUGIMSVJ": {
      "file": "chunk-GUGIMSVJ.js"
    },
    "chunk-2D7MFKVG": {
      "file": "chunk-2D7MFKVG.js"
    },
    "chunk-KL662VHK": {
      "file": "chunk-KL662VHK.js"
    },
    "chunk-L2RB7CNT": {
      "file": "chunk-L2RB7CNT.js"
    },
    "chunk-EYBIIEAO": {
      "file": "chunk-EYBIIEAO.js"
    },
    "chunk-QLZPKLZQ": {
      "file": "chunk-QLZPKLZQ.js"
    },
    "chunk-IPKBA6ZE": {
      "file": "chunk-IPKBA6ZE.js"
    },
    "chunk-NO3OK7S2": {
      "file": "chunk-NO3OK7S2.js"
    },
    "chunk-2ERLL6LP": {
      "file": "chunk-2ERLL6LP.js"
    },
    "chunk-VFUCG2SY": {
      "file": "chunk-VFUCG2SY.js"
    },
    "chunk-2DL7UKTJ": {
      "file": "chunk-2DL7UKTJ.js"
    },
    "chunk-4YCCEXQQ": {
      "file": "chunk-4YCCEXQQ.js"
    },
    "chunk-J46EEYGT": {
      "file": "chunk-J46EEYGT.js"
    },
    "chunk-U7EDC2PH": {
      "file": "chunk-U7EDC2PH.js"
    }
  }
}