{
  "hash": "a7379d45",
  "configHash": "e1735648",
  "lockfileHash": "16b0c2ff",
  "browserHash": "b1b17c3d",
  "optimized": {
    "@angular/cdk/bidi": {
      "src": "../../../../../../node_modules/@angular/cdk/fesm2022/bidi.mjs",
      "file": "@angular_cdk_bidi.js",
      "fileHash": "04159218",
      "needsInterop": false
    },
    "@angular/cdk/scrolling": {
      "src": "../../../../../../node_modules/@angular/cdk/fesm2022/scrolling.mjs",
      "file": "@angular_cdk_scrolling.js",
      "fileHash": "647f6797",
      "needsInterop": false
    },
    "@angular/cdk/text-field": {
      "src": "../../../../../../node_modules/@angular/cdk/fesm2022/text-field.mjs",
      "file": "@angular_cdk_text-field.js",
      "fileHash": "3369c67a",
      "needsInterop": false
    },
    "@angular/common": {
      "src": "../../../../../../node_modules/@angular/common/fesm2022/common.mjs",
      "file": "@angular_common.js",
      "fileHash": "86748079",
      "needsInterop": false
    },
    "@angular/common/http": {
      "src": "../../../../../../node_modules/@angular/common/fesm2022/http.mjs",
      "file": "@angular_common_http.js",
      "fileHash": "d727c124",
      "needsInterop": false
    },
    "@angular/core": {
      "src": "../../../../../../node_modules/@angular/core/fesm2022/core.mjs",
      "file": "@angular_core.js",
      "fileHash": "71c0a7ea",
      "needsInterop": false
    },
    "@angular/forms": {
      "src": "../../../../../../node_modules/@angular/forms/fesm2022/forms.mjs",
      "file": "@angular_forms.js",
      "fileHash": "3519bd91",
      "needsInterop": false
    },
    "@angular/material/button": {
      "src": "../../../../../../node_modules/@angular/material/fesm2022/button.mjs",
      "file": "@angular_material_button.js",
      "fileHash": "49d30cc9",
      "needsInterop": false
    },
    "@angular/material/card": {
      "src": "../../../../../../node_modules/@angular/material/fesm2022/card.mjs",
      "file": "@angular_material_card.js",
      "fileHash": "91b2d6ab",
      "needsInterop": false
    },
    "@angular/material/checkbox": {
      "src": "../../../../../../node_modules/@angular/material/fesm2022/checkbox.mjs",
      "file": "@angular_material_checkbox.js",
      "fileHash": "13e6fb17",
      "needsInterop": false
    },
    "@angular/material/chips": {
      "src": "../../../../../../node_modules/@angular/material/fesm2022/chips.mjs",
      "file": "@angular_material_chips.js",
      "fileHash": "f8569019",
      "needsInterop": false
    },
    "@angular/material/icon": {
      "src": "../../../../../../node_modules/@angular/material/fesm2022/icon.mjs",
      "file": "@angular_material_icon.js",
      "fileHash": "fe8d7af4",
      "needsInterop": false
    },
    "@angular/material/input": {
      "src": "../../../../../../node_modules/@angular/material/fesm2022/input.mjs",
      "file": "@angular_material_input.js",
      "fileHash": "704be897",
      "needsInterop": false
    },
    "@angular/material/menu": {
      "src": "../../../../../../node_modules/@angular/material/fesm2022/menu.mjs",
      "file": "@angular_material_menu.js",
      "fileHash": "8e88a89a",
      "needsInterop": false
    },
    "@angular/material/radio": {
      "src": "../../../../../../node_modules/@angular/material/fesm2022/radio.mjs",
      "file": "@angular_material_radio.js",
      "fileHash": "2efd647d",
      "needsInterop": false
    },
    "@angular/material/select": {
      "src": "../../../../../../node_modules/@angular/material/fesm2022/select.mjs",
      "file": "@angular_material_select.js",
      "fileHash": "344b3054",
      "needsInterop": false
    },
    "@angular/material/sidenav": {
      "src": "../../../../../../node_modules/@angular/material/fesm2022/sidenav.mjs",
      "file": "@angular_material_sidenav.js",
      "fileHash": "4caacc68",
      "needsInterop": false
    },
    "@angular/material/slider": {
      "src": "../../../../../../node_modules/@angular/material/fesm2022/slider.mjs",
      "file": "@angular_material_slider.js",
      "fileHash": "9d7d95fc",
      "needsInterop": false
    },
    "@angular/material/table": {
      "src": "../../../../../../node_modules/@angular/material/fesm2022/table.mjs",
      "file": "@angular_material_table.js",
      "fileHash": "cc339fcb",
      "needsInterop": false
    },
    "@angular/material/tabs": {
      "src": "../../../../../../node_modules/@angular/material/fesm2022/tabs.mjs",
      "file": "@angular_material_tabs.js",
      "fileHash": "b1cbe0a0",
      "needsInterop": false
    },
    "@angular/material/toolbar": {
      "src": "../../../../../../node_modules/@angular/material/fesm2022/toolbar.mjs",
      "file": "@angular_material_toolbar.js",
      "fileHash": "28d905c9",
      "needsInterop": false
    },
    "@angular/platform-browser": {
      "src": "../../../../../../node_modules/@angular/platform-browser/fesm2022/platform-browser.mjs",
      "file": "@angular_platform-browser.js",
      "fileHash": "5390184e",
      "needsInterop": false
    },
    "@angular/platform-browser/animations": {
      "src": "../../../../../../node_modules/@angular/platform-browser/fesm2022/animations.mjs",
      "file": "@angular_platform-browser_animations.js",
      "fileHash": "eae93e5d",
      "needsInterop": false
    },
    "@angular/platform-server/init": {
      "src": "../../../../../../node_modules/@angular/platform-server/fesm2022/init.mjs",
      "file": "@angular_platform-server_init.js",
      "fileHash": "e1af3207",
      "needsInterop": false
    },
    "@angular/router": {
      "src": "../../../../../../node_modules/@angular/router/fesm2022/router.mjs",
      "file": "@angular_router.js",
      "fileHash": "2e2e5d5e",
      "needsInterop": false
    },
    "@angular/ssr": {
      "src": "../../../../../../node_modules/@angular/ssr/fesm2022/ssr.mjs",
      "file": "@angular_ssr.js",
      "fileHash": "6d193f36",
      "needsInterop": false
    },
    "@angular/ssr/node": {
      "src": "../../../../../../node_modules/@angular/ssr/fesm2022/node.mjs",
      "file": "@angular_ssr_node.js",
      "fileHash": "d722bcde",
      "needsInterop": false
    },
    "express": {
      "src": "../../../../../../node_modules/express/index.js",
      "file": "express.js",
      "fileHash": "b917c907",
      "needsInterop": true
    },
    "rxjs": {
      "src": "../../../../../../node_modules/rxjs/dist/cjs/index.js",
      "file": "rxjs.js",
      "fileHash": "4fb794c9",
      "needsInterop": true
    },
    "rxjs/operators": {
      "src": "../../../../../../node_modules/rxjs/dist/cjs/operators/index.js",
      "file": "rxjs_operators.js",
      "fileHash": "cc12c18f",
      "needsInterop": true
    }
  },
  "chunks": {
    "xhr2-E5RTESSH": {
      "file": "xhr2-E5RTESSH.js"
    },
    "chunk-D7AAVUNO": {
      "file": "chunk-D7AAVUNO.js"
    },
    "chunk-STMTXFNT": {
      "file": "chunk-STMTXFNT.js"
    },
    "chunk-73HTMF4L": {
      "file": "chunk-73HTMF4L.js"
    },
    "chunk-KZ5EZTFA": {
      "file": "chunk-KZ5EZTFA.js"
    },
    "chunk-3XJWCJ3L": {
      "file": "chunk-3XJWCJ3L.js"
    },
    "chunk-CGXGKP4V": {
      "file": "chunk-CGXGKP4V.js"
    },
    "chunk-7BCZ77P2": {
      "file": "chunk-7BCZ77P2.js"
    },
    "chunk-7BSGMJYS": {
      "file": "chunk-7BSGMJYS.js"
    },
    "chunk-JVOVZ43T": {
      "file": "chunk-JVOVZ43T.js"
    },
    "chunk-U72RFI3Z": {
      "file": "chunk-U72RFI3Z.js"
    },
    "chunk-V77NNQVY": {
      "file": "chunk-V77NNQVY.js"
    },
    "chunk-46RJEUQ3": {
      "file": "chunk-46RJEUQ3.js"
    },
    "chunk-MKUZY476": {
      "file": "chunk-MKUZY476.js"
    },
    "chunk-IJ7T4ON5": {
      "file": "chunk-IJ7T4ON5.js"
    },
    "chunk-FZJ6TFGD": {
      "file": "chunk-FZJ6TFGD.js"
    },
    "chunk-VEHWM4XX": {
      "file": "chunk-VEHWM4XX.js"
    },
    "chunk-TXSOGBGB": {
      "file": "chunk-TXSOGBGB.js"
    },
    "chunk-4QYBNYDL": {
      "file": "chunk-4QYBNYDL.js"
    },
    "chunk-N7BM3QAY": {
      "file": "chunk-N7BM3QAY.js"
    },
    "chunk-OHMLVKFF": {
      "file": "chunk-OHMLVKFF.js"
    },
    "chunk-B3BKV5OF": {
      "file": "chunk-B3BKV5OF.js"
    },
    "chunk-EJAZTJSZ": {
      "file": "chunk-EJAZTJSZ.js"
    },
    "chunk-7JAV4DOV": {
      "file": "chunk-7JAV4DOV.js"
    },
    "chunk-GUITWNCS": {
      "file": "chunk-GUITWNCS.js"
    },
    "chunk-KQYFGZWB": {
      "file": "chunk-KQYFGZWB.js"
    },
    "chunk-4QGJFD4X": {
      "file": "chunk-4QGJFD4X.js"
    },
    "chunk-NTIXQRAP": {
      "file": "chunk-NTIXQRAP.js"
    },
    "chunk-25M5HVN2": {
      "file": "chunk-25M5HVN2.js"
    },
    "chunk-UHHO7CDS": {
      "file": "chunk-UHHO7CDS.js"
    },
    "chunk-YWLPFOBA": {
      "file": "chunk-YWLPFOBA.js"
    },
    "chunk-VIOPXJZP": {
      "file": "chunk-VIOPXJZP.js"
    },
    "chunk-WCYETMVC": {
      "file": "chunk-WCYETMVC.js"
    },
    "chunk-C27DBZK2": {
      "file": "chunk-C27DBZK2.js"
    },
    "chunk-2UVUUPPC": {
      "file": "chunk-2UVUUPPC.js"
    },
    "chunk-K54IFBYX": {
      "file": "chunk-K54IFBYX.js"
    },
    "chunk-6DU2HRTW": {
      "file": "chunk-6DU2HRTW.js"
    }
  }
}